
{"items":[{"name":"CommandLineWebApp.Pages","href":"CommandLineWebApp.Pages.html","topicHref":"CommandLineWebApp.Pages.html","topicUid":"CommandLineWebApp.Pages","items":[{"name":"ErrorModel","href":"CommandLineWebApp.Pages.ErrorModel.html","topicHref":"CommandLineWebApp.Pages.ErrorModel.html","topicUid":"CommandLineWebApp.Pages.ErrorModel"},{"name":"IndexModel","href":"CommandLineWebApp.Pages.IndexModel.html","topicHref":"CommandLineWebApp.Pages.IndexModel.html","topicUid":"CommandLineWebApp.Pages.IndexModel"},{"name":"PrivacyModel","href":"CommandLineWebApp.Pages.PrivacyModel.html","topicHref":"CommandLineWebApp.Pages.PrivacyModel.html","topicUid":"CommandLineWebApp.Pages.PrivacyModel"}]}],"memberLayout":"SamePage","pdf":false}
